source,target
Artificial intelligence,15.ai
Artificial intelligence,2001: A Space Odyssey
Artificial intelligence,2001: A Space Odyssey (novel)
Artificial intelligence,2024 Indian general election
Artificial intelligence,3D optical data storage
Artificial intelligence,A* search algorithm
Artificial intelligence,A.I. Artificial Intelligence
Artificial intelligence,AAAI
Artificial intelligence,ABB
Artificial intelligence,ACM Computing Classification System
Artificial intelligence,"ACM Conference on Fairness, Accountability, and Transparency"
Artificial intelligence,ACM SIGEVO
Artificial intelligence,ACM SIGPLAN Notices
Artificial intelligence,AI-assisted software development
Artificial intelligence,AI (disambiguation)
Artificial intelligence,AI Futures Project
Artificial intelligence,AI Mode
Artificial intelligence,AI Overviews
Artificial intelligence,AI Safety Institute (United Kingdom)
Artificial intelligence,AI Safety Summit 2023
Artificial intelligence,AI Seoul Summit 2024
Artificial intelligence,AI Winter
Artificial intelligence,AI aftermath scenarios
Artificial intelligence,AI agent
Artificial intelligence,AI alignment
Artificial intelligence,AI anthropomorphism
Artificial intelligence,AI art
Artificial intelligence,AI boom
Artificial intelligence,AI bubble
Artificial intelligence,AI capability control
Artificial intelligence,AI data center
Artificial intelligence,AI effect
Artificial intelligence,AI literacy
Artificial intelligence,AI nationalism
Artificial intelligence,AI safety
15.ai,2001: A Space Odyssey
15.ai,AI agent
15.ai,AI alignment
15.ai,AI anthropomorphism
15.ai,AI boom
15.ai,AI bubble
15.ai,AI data center
15.ai,AI effect
15.ai,AI literacy
15.ai,AI nationalism
15.ai,AI safety
15.ai,Artificial intelligence
2001: A Space Odyssey,2001: A Space Odyssey (novel)
2001: A Space Odyssey,A.I. Artificial Intelligence
2001: A Space Odyssey,Artificial intelligence
2001: A Space Odyssey (novel),2001: A Space Odyssey
2001: A Space Odyssey (novel),Artificial intelligence
3D optical data storage,Artificial intelligence
A.I. Artificial Intelligence,2001: A Space Odyssey
ACM Computing Classification System,Artificial intelligence
"ACM Conference on Fairness, Accountability, and Transparency",ACM SIGEVO
ACM SIGEVO,"ACM Conference on Fairness, Accountability, and Transparency"
ACM SIGEVO,Artificial intelligence
AI-assisted software development,15.ai
AI-assisted software development,AI agent
AI-assisted software development,AI alignment
AI-assisted software development,AI anthropomorphism
AI-assisted software development,AI boom
AI-assisted software development,AI bubble
AI-assisted software development,AI data center
AI-assisted software development,AI effect
AI-assisted software development,AI literacy
AI-assisted software development,AI nationalism
AI-assisted software development,AI safety
AI-assisted software development,Artificial intelligence
AI Futures Project,AI alignment
AI Futures Project,AI boom
AI Futures Project,AI capability control
AI Futures Project,AI safety
AI Futures Project,Artificial intelligence
AI Mode,AI Overviews
AI Overviews,AI Mode
AI Overviews,Artificial intelligence
AI Safety Summit 2023,AI Seoul Summit 2024
AI Safety Summit 2023,AI alignment
AI Safety Summit 2023,AI safety
AI Seoul Summit 2024,AI Safety Summit 2023
AI Seoul Summit 2024,AI safety
AI Seoul Summit 2024,Artificial intelligence
AI aftermath scenarios,AAAI
AI aftermath scenarios,Artificial intelligence
AI agent,15.ai
AI agent,AI-assisted software development
AI agent,AI alignment
AI agent,AI anthropomorphism
AI agent,AI boom
AI agent,AI bubble
AI agent,AI data center
AI agent,AI effect
AI agent,AI literacy
AI agent,AI nationalism
AI agent,AI safety
AI agent,Artificial intelligence
AI alignment,15.ai
AI alignment,AI-assisted software development
AI alignment,AI Futures Project
AI alignment,AI agent
AI alignment,AI anthropomorphism
AI alignment,AI boom
AI alignment,AI bubble
AI alignment,AI capability control
AI alignment,AI data center
AI alignment,AI effect
AI alignment,AI literacy
AI alignment,AI nationalism
AI alignment,AI safety
AI alignment,Artificial intelligence
AI anthropomorphism,15.ai
AI anthropomorphism,2001: A Space Odyssey
AI anthropomorphism,AI agent
AI anthropomorphism,AI alignment
AI anthropomorphism,AI boom
AI anthropomorphism,AI bubble
AI anthropomorphism,AI data center
AI anthropomorphism,AI effect
AI anthropomorphism,AI literacy
AI anthropomorphism,AI nationalism
AI anthropomorphism,AI safety
AI anthropomorphism,Artificial intelligence
AI art,AI-assisted software development
AI art,AI alignment
AI art,AI boom
AI art,AI bubble
AI art,AI data center
AI art,AI safety
AI art,Artificial intelligence
AI boom,15.ai
AI boom,AI-assisted software development
AI boom,AI Futures Project
AI boom,AI agent
AI boom,AI alignment
AI boom,AI anthropomorphism
AI boom,AI bubble
AI boom,AI capability control
AI boom,AI data center
AI boom,AI effect
AI boom,AI literacy
AI boom,AI nationalism
AI boom,AI safety
AI boom,Artificial intelligence
AI bubble,15.ai
AI bubble,AI-assisted software development
AI bubble,AI agent
AI bubble,AI alignment
AI bubble,AI anthropomorphism
AI bubble,AI boom
AI bubble,AI data center
AI bubble,AI effect
AI bubble,AI literacy
AI bubble,AI nationalism
AI bubble,AI safety
AI bubble,Artificial intelligence
AI capability control,AI Futures Project
AI capability control,AI alignment
AI capability control,AI boom
AI capability control,AI safety
AI capability control,Artificial intelligence
AI data center,15.ai
AI data center,AI agent
AI data center,AI alignment
AI data center,AI anthropomorphism
AI data center,AI boom
AI data center,AI bubble
AI data center,AI effect
AI data center,AI literacy
AI data center,AI nationalism
AI data center,AI safety
AI data center,Artificial intelligence
AI effect,15.ai
AI effect,AI-assisted software development
AI effect,AI agent
AI effect,AI alignment
AI effect,AI anthropomorphism
AI effect,AI boom
AI effect,AI bubble
AI effect,AI data center
AI effect,AI literacy
AI effect,AI nationalism
AI effect,AI safety
AI effect,Artificial intelligence
AI literacy,15.ai
AI literacy,AI agent
AI literacy,AI alignment
AI literacy,AI anthropomorphism
AI literacy,AI boom
AI literacy,AI bubble
AI literacy,AI data center
AI literacy,AI effect
AI literacy,AI nationalism
AI literacy,AI safety
AI literacy,Artificial intelligence
AI nationalism,15.ai
AI nationalism,AI-assisted software development
AI nationalism,AI agent
AI nationalism,AI alignment
AI nationalism,AI anthropomorphism
AI nationalism,AI boom
AI nationalism,AI bubble
AI nationalism,AI data center
AI nationalism,AI effect
AI nationalism,AI literacy
AI nationalism,AI safety
AI nationalism,Artificial intelligence
AI safety,15.ai
AI safety,AI-assisted software development
AI safety,AI Futures Project
AI safety,AI Safety Summit 2023
AI safety,AI Seoul Summit 2024
AI safety,AI agent
AI safety,AI alignment
AI safety,AI anthropomorphism
AI safety,AI boom
AI safety,AI bubble
AI safety,AI capability control
AI safety,AI data center
AI safety,AI effect
AI safety,AI literacy
AI safety,AI nationalism
AI safety,Artificial intelligence
